[
  {
    "birds": "America: [
   {
      "species-name": "Chipping Sparrow",
      "count": 2,
      "lon": "42.535",
      "lat": "76.325",
      "colors": [
         {
            "r": 213,
            "g": 161,
            "b": 129
         },
         {
            "r": 140,
            "g": 159,
            "b": 163
         },
         {
            "r": 73,
            "g": 60,
            "b": 57
         }
      ]
   },
   {
      "species-name": "Savannah Sparrow",
      "count": 1,
      "lon": "42.535",
      "lat": "76.325",
      "colors": [
         {
            "r": 146,
            "g": 78,
            "b": 35
         },
         {
            "r": 250,
            "g": 212,
            "b": 146
         },
         {
            "r": 246,
            "g": 214,
            "b": 80
         }
      ]
   },
   {
      "species-name": "Wild Turkey",
      "count": 2,
      "lon": "41.026",
      "lat": "75.615",
      "colors": [
         {
            "r": 234,
            "g": 55,
            "b": 85
         },
         {
            "r": 57,
            "g": 134,
            "b": 188
         },
         {
            "r": 8,
            "g": 11,
            "b": 10
         }
      ]
   },
   {
      "species-name": "Baltimore Oriole",
      "count": 1,
      "lon": "41.026",
      "lat": "75.615",
      "colors": [
         {
            "r": 212,
            "g": 132,
            "b": 3
         },
         {
            "r": 30,
            "g": 32,
            "b": 19
         },
         {
            "r": 250,
            "g": 251,
            "b": 251
         }
      ]
   },
   {
      "species-name": "Red-shouldered Hawk",
      "count": 1,
      "lon": "40.4482",
      "lat": "79.9213",
      "colors": [
         {
            "r": 184,
            "g": 104,
            "b": 13
         },
         {
            "r": 29,
            "g": 25,
            "b": 21
         },
         {
            "r": 132,
            "g": 94,
            "b": 62
         }
      ]
   },
   {
      "species-name": "Great Egret",
      "count": 1,
      "lon": "40.5821",
      "lat": "74.2424",
      "colors": [
         {
            "r": 236,
            "g": 162,
            "b": 13
         },
         {
            "r": 244,
            "g": 240,
            "b": 235
         },
         {
            "r": 29,
            "g": 25,
            "b": 21
         }
      ]
   },
   {
      "species-name": "Turkey Vulture",
      "count": 3,
      "lon": "40.675675",
      "lat": "77.637178",
      "colors": [
         {
            "r": 142,
            "g": 36,
            "b": 55
         },
         {
            "r": 113,
            "g": 86,
            "b": 73
         },
         {
            "r": 38,
            "g": 34,
            "b": 33
         }
      ]
   },
   {
      "species-name": "Red-headed Woodpecker",
      "count": 1,
      "lon": "40.675675",
      "lat": "77.637178",
      "colors": [
         {
            "r": 131,
            "g": 6,
            "b": 13
         },
         {
            "r": 182,
            "g": 192,
            "b": 209
         },
         {
            "r": 19,
            "g": 21,
            "b": 25
         }
      ]
   },
   {
      "species-name": "Eastern Bluebird",
      "count": 2,
      "lon": "40.6756747",
      "lat": "77.6371783",
      "colors": [
         {
            "r": 88,
            "g": 133,
            "b": 181
         },
         {
            "r": 149,
            "g": 88,
            "b": 42
         },
         {
            "r": 212,
            "g": 212,
            "b": 200
         }
      ]
   },
   {
      "species-name": "American Robin",
      "count": 1,
      "lon": "40.6756747",
      "lat": "77.6371783",
      "colors": [
         {
            "r": 171,
            "g": 71,
            "b": 35
         },
         {
            "r": 138,
            "g": 105,
            "b": 112
         },
         {
            "r": 52,
            "g": 42,
            "b": 51
         }
      ]
   },
   {
      "species-name": "European Starling",
      "count": 6,
      "lon": "40.6756747",
      "lat": "77.6371783",
      "colors": [
         {
            "r": 123,
            "g": 166,
            "b": 154
         },
         {
            "r": 54,
            "g": 51,
            "b": 71
         },
         {
            "r": 100,
            "g": 100,
            "b": 100
         }
      ]
   },
   {
      "species-name": "Field Sparrow",
      "count": 1,
      "lon": "40.6756747",
      "lat": "77.6371783",
      "colors": [
         {
            "r": 199,
            "g": 102,
            "b": 103
         },
         {
            "r": 188,
            "g": 105,
            "b": 66
         },
         {
            "r": 112,
            "g": 96,
            "b": 114
         }
      ]
   },
   {
      "species-name": "Song Sparrow",
      "count": 2,
      "lon": "40.6756747",
      "lat": "77.6371783",
      "colors": [
         {
            "r": 184,
            "g": 189,
            "b": 190
         },
         {
            "r": 107,
            "g": 53,
            "b": 22
         },
         {
            "r": 23,
            "g": 13,
            "b": 0
         }
      ]
   },
   {
      "species-name": "Red-winged Blackbird",
      "count": 8,
      "lon": "40.6756747",
      "lat": "77.6371783",
      "colors": [
         {
            "r": 234,
            "g": 55,
            "b": 11
         },
         {
            "r": 245,
            "g": 183,
            "b": 85
         },
         {
            "r": 23,
            "g": 13,
            "b": 0
         }
      ]
   },
   {
      "species-name": "Eastern Meadowlark",
      "count": 2,
      "lon": "40.6756747",
      "lat": "77.6371783",
      "colors": [
         {
            "r": 221,
            "g": 175,
            "b": 14
         },
         {
            "r": 99,
            "g": 77,
            "b": 60
         },
         {
            "r": 119,
            "g": 117,
            "b": 124
         }
      ]
   },
   {
      "species-name": "Common Grackle",
      "count": 3,
      "lon": "40.582052",
      "lat": "74.242388",
      "colors": [
         {
            "r": 42,
            "g": 89,
            "b": 155
         },
         {
            "r": 47,
            "g": 39,
            "b": 64
         },
         {
            "r": 54,
            "g": 88,
            "b": 90
         }
      ]
   },
   {
      "species-name": "Orchard Oriole",
      "count": 1,
      "lon": "40.6756747",
      "lat": "77.6371783",
      "colors": [
         {
            "r": 84,
            "g": 85,
            "b": 137
         },
         {
            "r": 164,
            "g": 115,
            "b": 71
         },
         {
            "r": 41,
            "g": 42,
            "b": 67
         }
      ]
   },
   {
      "species-name": "House Sparrow",
      "count": 2,
      "lon": "40.6756747",
      "lat": "77.6371783",
      "colors": [
         {
            "r": 130,
            "g": 114,
            "b": 89
         },
         {
            "r": 109,
            "g": 65,
            "b": 36
         },
         {
            "r": 49,
            "g": 46,
            "b": 49
         }
      ]
   },
   {
      "species-name": "Chimney Swift",
      "count": 3,
      "lon": "40.554",
      "lat": "74.269403",
      "colors": [
         {
            "r": 162,
            "g": 154,
            "b": 153
         },
         {
            "r": 49,
            "g": 46,
            "b": 49
         },
         {
            "r": 204,
            "g": 200,
            "b": 201
         }
      ]
   },
   {
      "species-name": "Warbling Vireo",
      "count": 1,
      "lon": "44.7569525",
      "lat": "85.6165633",
      "colors": [
         {
            "r": 230,
            "g": 199,
            "b": 147
         },
         {
            "r": 123,
            "g": 102,
            "b": 76
         },
         {
            "r": 49,
            "g": 29,
            "b": 8
         }
      ]
   },
   {
      "species-name": "Tree Swallow",
      "count": 1,
      "lon": "44.7569525",
      "lat": "85.6165633",
      "colors": [
         {
            "r": 255,
            "g": 227,
            "b": 226
         },
         {
            "r": 36,
            "g": 74,
            "b": 85
         },
         {
            "r": 65,
            "g": 60,
            "b": 55
         }
      ]
   },
   {
      "species-name": "Swainson's Thrush",
      "count": 1,
      "lon": "40.4981",
      "lat": "74.6866",
      "colors": [
         {
            "r": 213,
            "g": 87,
            "b": 34
         },
         {
            "r": 157,
            "g": 152,
            "b": 143
         },
         {
            "r": 190,
            "g": 176,
            "b": 123
         }
      ]
   },
   {
      "species-name": "House Finch",
      "count": 2,
      "lon": "44.7569525",
      "lat": "85.6165633",
      "colors": [
         {
            "r": 205,
            "g": 123,
            "b": 131
         },
         {
            "r": 119,
            "g": 10,
            "b": 5
         },
         {
            "r": 160,
            "g": 85,
            "b": 62
         }
      ]
   },
   {
      "species-name": "American Goldfinch",
      "count": 2,
      "lon": "44.7569525",
      "lat": "85.6165633",
      "colors": [
         {
            "r": 254,
            "g": 235,
            "b": 42
         },
         {
            "r": 60,
            "g": 46,
            "b": 37
         },
         {
            "r": 244,
            "g": 243,
            "b": 249
         }
      ]
   },
   {
      "species-name": "Ruby-throated Hummingbird",
      "count": 1,
      "lon": "43.471491",
      "lat": "70.384913",
      "colors": [
         {
            "r": 237,
            "g": 104,
            "b": 57
         },
         {
            "r": 155,
            "g": 213,
            "b": 150
         },
         {
            "r": 186,
            "g": 185,
            "b": 182
         }
      ]
   },
   {
      "species-name": "Red-tailed Hawk",
      "count": 1,
      "lon": "44.3465637",
      "lat": "83.5308522",
      "colors": [
         {
            "r": 135,
            "g": 83,
            "b": 52
         },
         {
            "r": 255,
            "g": 254,
            "b": 252
         },
         {
            "r": 172,
            "g": 96,
            "b": 39
         }
      ]
   },
   {
      "species-name": "Eastern Kingbird",
      "count": 2,
      "lon": "44.3465637",
      "lat": "83.5308522",
      "colors": [
         {
            "r": 255,
            "g": 254,
            "b": 252
         },
         {
            "r": 95,
            "g": 87,
            "b": 90
         },
         {
            "r": 24,
            "g": 21,
            "b": 18
         }
      ]
   },
   {
      "species-name": "Barn Swallow",
      "count": 5,
      "lon": "44.3465637",
      "lat": "83.5308522",
      "colors": [
         {
            "r": 44,
            "g": 77,
            "b": 150
         },
         {
            "r": 210,
            "g": 141,
            "b": 102
         },
         {
            "r": 88,
            "g": 84,
            "b": 96
         }
      ]
   },
   {
      "species-name": "Bobolink",
      "count": 2,
      "lon": "44.3465637",
      "lat": "83.5308522",
      "colors": [
         {
            "r": 253,
            "g": 240,
            "b": 182
         },
         {
            "r": 18,
            "g": 17,
            "b": 22
         },
         {
            "r": 193,
            "g": 197,
            "b": 198
         }
      ]
   },
   {
      "species-name": "Osprey",
      "count": 1,
      "lon": "40.489732",
      "lat": "74.394541",
      "colors": [
         {
            "r": 209,
            "g": 211,
            "b": 213
         },
         {
            "r": 23,
            "g": 18,
            "b": 19
         },
         {
            "r": 168,
            "g": 104,
            "b": 26
         }
      ]
   },
   {
      "species-name": "Buteo sp.",
      "count": 1,
      "lon": "42.4341736",
      "lat": "83.8238373",
      "colors": [
         {
            "r": 211,
            "g": 160,
            "b": 140
         },
         {
            "r": 154,
            "g": 145,
            "b": 160
         },
         {
            "r": 69,
            "g": 52,
            "b": 60
         }
      ]
   },
   {
      "species-name": "Ring-billed Gull",
      "count": 1,
      "lon": "42.4341736",
      "lat": "83.8238373",
      "colors": [
         {
            "r": 128,
            "g": 128,
            "b": 129
         },
         {
            "r": 198,
            "g": 197,
            "b": 195
         },
         {
            "r": 27,
            "g": 26,
            "b": 31
         }
      ]
   },
   {
      "species-name": "Great Crested Flycatcher",
      "count": 1,
      "lon": "42.4341736",
      "lat": "83.8238373",
      "colors": [
         {
            "r": 249,
            "g": 250,
            "b": 130
         },
         {
            "r": 168,
            "g": 159,
            "b": 153
         },
         {
            "r": 123,
            "g": 110,
            "b": 117
         }
      ]
   },
   {
      "species-name": "Black-capped Chickadee",
      "count": 1,
      "lon": "42.4341736",
      "lat": "83.8238373",
      "colors": [
         {
            "r": 193,
            "g": 167,
            "b": 116
         },
         {
            "r": 204,
            "g": 201,
            "b": 184
         },
         {
            "r": 27,
            "g": 27,
            "b": 25
         }
      ]
   },
   {
      "species-name": "Tufted Titmouse",
      "count": 2,
      "lon": "40.100811",
      "lat": "79.029398",
      "colors": [
         {
            "r": 217,
            "g": 146,
            "b": 139
         },
         {
            "r": 150,
            "g": 157,
            "b": 137
         },
         {
            "r": 18,
            "g": 10,
            "b": 11
         }
      ]
   },
   {
      "species-name": "House Wren",
      "count": 2,
      "lon": "40.100811",
      "lat": "79.029398",
      "colors": [
         {
            "r": 217,
            "g": 163,
            "b": 119
         },
         {
            "r": 124,
            "g": 93,
            "b": 73
         },
         {
            "r": 185,
            "g": 117,
            "b": 55
         }
      ]
   },
   {
      "species-name": "Northern Cardinal",
      "count": 2,
      "lon": "40.100811",
      "lat": "79.029398",
      "colors": [
         {
            "r": 233,
            "g": 61,
            "b": 37
         },
         {
            "r": 149,
            "g": 96,
            "b": 80
         },
         {
            "r": 169,
            "g": 69,
            "b": 63
         }
      ]
   },
   {
      "species-name": "Common Raven",
      "count": 1,
      "lon": "41.6116883",
      "lat": "71.4630175",
      "colors": [
         {
            "r": 8,
            "g": 6,
            "b": 9
         },
         {
            "r": 8,
            "g": 6,
            "b": 9
         },
         {
            "r": 8,
            "g": 6,
            "b": 9
         }
      ]
   },
   {
      "species-name": "Northern Rough-winged Swallow",
      "count": 2,
      "lon": "43.6020358",
      "lat": "84.7132373",
      "colors": [
         {
            "r": 243,
            "g": 242,
            "b": 238
         },
         {
            "r": 203,
            "g": 134,
            "b": 84
         },
         {
            "r": 75,
            "g": 51,
            "b": 41
         }
      ]
   },
   {
      "species-name": "American Pipit",
      "count": 1,
      "lon": "43.6020358",
      "lat": "84.7132373",
      "colors": [
         {
            "r": 213,
            "g": 161,
            "b": 129
         },
         {
            "r": 140,
            "g": 159,
            "b": 163
         },
         {
            "r": 73,
            "g": 50,
            "b": 57
         }
      ]
   },
   {
      "species-name": "Blue Jay",
      "count": 1,
      "lon": "42.8808071",
      "lat": "71.4729309",
      "colors": [
         {
            "r": 79,
            "g": 193,
            "b": 255
         },
         {
            "r": 80,
            "g": 94,
            "b": 166
         },
         {
            "r": 80,
            "g": 124,
            "b": 159
         }
      ]
   }
]
